ticker,strategy,sharpe,cagr,trades,maxdd,profit_factor,final_value,avg_oos,min_oos,max_oos,folds_geq_04,n_folds
USDJPY=X,Donchian20,0.3496490352548712,0.019530953953809993,137,-0.3209055537148751,1.6589669178318431,177198.12366208073,0.04520461710964564,-1.8402123612637518,1.615848298992265,12,27
USDJPY=X,Donchian20_ADX25,0.3407255292281223,0.015123674396248177,192,-0.25356761567808256,1.4816398142966456,155887.46188111603,0.15990085607802235,-1.99651180036951,2.218743888047418,11,27
USDJPY=X,Donchian20_ER03,0.10643518347462026,0.0027415884669272916,289,-0.1525022779876444,1.1055565572369443,108434.59731749647,-0.135287009420349,-1.4247988790888042,1.6878326658862408,9,27
USDJPY=X,Donchian20_Dual,-0.04699640522214535,-0.0007195805675173084,323,-0.04131943725744242,0.9582964170792726,97893.43498970428,-0.2054815810304559,-1.8411071621261335,1.3601276437297358,6,27
USDJPY=X,KAMA10_2_30,-0.09754456920171241,-0.00718350473050422,854,-0.3236459114675334,0.919402271571432,80796.75874859092,-0.1719931496134505,-2.2590283706944194,1.160818623291991,7,27
USDJPY=X,TDSeqCounter,-0.11667188473953322,-0.010008760053345833,1,-0.4153630057558882,0.0,74265.73447885015,0.014464761368806327,-0.13682129780465485,0.5273698547624257,1,27
USDJPY=X,TDCombo,0.15043734525107952,0.007332098136852538,1,-0.24809686125576427,24120.209914650073,124118.96585040937,0.001764727075867083,-0.40922776005856404,0.4568753911069753,1,27
USDJPY=X,TDSequentialBreakout,0.10915157146886957,0.004273607071818786,87,-0.19195844634158588,1.168489621446807,113443.09495715784,-0.04631868096349246,-1.4963017461874477,0.6145145233514794,1,27
SPY,Donchian20,0.06869261201802958,0.0023438782071751874,191,-0.2921078261193656,1.054552872871515,107628.21188207623,0.12417865389424956,-1.4589754607576249,1.7693033310360085,13,29
SPY,Donchian20_ADX25,0.119106351567884,0.004950211431319351,268,-0.2512573852408929,1.127719670839413,116772.24289279712,0.04307593290147144,-1.7297270128080804,1.8629005709445474,11,29
SPY,Donchian20_ER03,-0.10879793294189202,-0.004154563402237299,434,-0.2444193138308574,0.9149870163536408,87745.7514174476,-0.18969994031867082,-2.0107600333899294,1.4119909418607932,5,29
SPY,Donchian20_Dual,-0.33252663522956316,-0.006208790267344333,609,-0.2049051785007278,0.8283656109557205,82236.88108873415,-0.261948232299901,-1.3285103747856895,1.5933575988260202,3,29
SPY,KAMA10_2_30,-0.5728847482330224,-0.04092462832479549,1065,-0.7464958338543075,0.6681468612616752,26925.795629686218,-0.6902590448549253,-1.9121032195356473,0.7784849851786019,4,29
SPY,TDSeqCounter,0.5344235373844559,0.04157441365334158,1,-0.22401683683693138,259328.42234343707,359321.1454737639,0.4978874160271363,-0.5408948639730385,5.0845383008596,7,29
SPY,TDCombo,-0.13873973985029525,0.0,1,-2.683470973268442,0.0,-203407.50645255175,-0.3392849726383217,-4.012390462008378,0.7840360654211295,1,29
SPY,TDSequentialBreakout,0.0,0.0,0,0.0,1.0,100000.0,0.0,0.0,0.0,0,29
^GSPC,Donchian20,0.12501365168547415,0.006076656024679883,185,-0.21769136772910208,1.1319775721382321,120953.0285972922,0.10513898182432761,-1.5032245324418445,1.7430274639899328,13,29
^GSPC,Donchian20_ADX25,0.11419601258608725,0.0048290294710522375,266,-0.2306357337503084,1.1174303482097712,116330.90363230207,0.061508577147161715,-1.5411303401526442,1.7430274639899328,13,29
^GSPC,Donchian20_ER03,-0.06062812896474139,-0.002703866865885529,426,-0.27453340057685865,0.960534505794747,91849.61922987935,-0.21002295425080686,-1.7299931817108964,1.3836756415280733,6,29
^GSPC,Donchian20_Dual,-0.352162059173804,-0.0072670595581783015,609,-0.2491443714759287,0.8136035181337061,79531.11766584682,-0.3197764874848319,-1.6510529218909655,1.469232016724794,4,29
^GSPC,KAMA10_2_30,-0.5490882454969416,-0.04120191352284308,1061,-0.7485795780240639,0.6965302281637167,26682.423710261966,-0.7598241886851048,-2.170351593464427,1.1312627322660869,2,29
^GSPC,TDSeqCounter,0.5475153822640981,0.027504517745975843,2,-0.12470116724879632,134442.7278893841,234430.58825939504,0.5412394505645601,-0.47764919476593,4.968800793165029,9,29
^GSPC,TDCombo,0.1689991027060547,0.0,2,-1.2049957311357509,0.0,-20544.47839639688,-0.4501901065021279,-3.8716257641087313,0.29823149187748715,0,29
^GSPC,TDSequentialBreakout,0.0,0.0,0,0.0,1.0,100000.0,0.0,0.0,0.0,0,29
CL=F,Donchian20,0.1552172466265097,0.008480180880912513,147,-0.18626789130253646,1.2509368112158066,124303.40880218844,0.13426120737097716,-1.689981073751573,1.670143062385728,11,23
CL=F,Donchian20_ADX25,0.14923432738532455,0.007529240887017785,194,-0.19642232023776515,1.215887800567236,121318.67217509654,0.07202161753029547,-2.1182877626679346,2.1465913760497544,8,23
CL=F,Donchian20_ER03,0.007793983394807056,-0.00042285016903542694,333,-0.12454974826552864,0.999807820785706,98916.28820952294,-0.02458470437553639,-1.2274469006717754,1.4932685221296749,6,23
CL=F,Donchian20_Dual,0.011580303385698196,-4.136817458144648e-05,372,-0.09466759917074309,1.0262258610795336,99893.4770156651,0.002551104488089612,-2.186730803868867,2.1111464113143192,6,23
CL=F,KAMA10_2_30,-0.1684315964664537,-0.013334268483850997,807,-0.461206270915656,0.8402545936443194,70762.28308311327,-0.22379600126395624,-1.6849209937150884,1.1812356559487016,6,23
CL=F,TDSeqCounter,0.05565238702884878,0.000163126185568796,3,-0.5455502659491839,1.069014023733318,100421.11479387518,0.2090439878916652,0.0,2.2927368015381164,3,23
CL=F,TDCombo,0.04376961974205299,-6.16347538094919e-05,3,-0.379413966940022,0.9780780145094368,99841.33041934222,-0.1031825925449839,-1.3671824832118922,0.0,0,23
CL=F,TDSequentialBreakout,0.0,0.0,0,0.0,1.0,100000.0,0.0,0.0,0.0,0,23
GC=F,Donchian20,0.16788316942363543,0.011625831256163233,165,-0.252264954364154,1.2137771311430223,134658.14415110345,0.009743420354276585,-1.496399011076748,1.9228562518491994,6,23
GC=F,Donchian20_ADX25,0.059746806734588535,0.001617723048610742,226,-0.2989949564138733,1.0451735977648826,104249.09877079117,-0.14921049573440803,-1.6546970573296782,1.5642743940618784,8,23
GC=F,Donchian20_ER03,0.060249996794867075,0.0017724319009129186,342,-0.2490140911167894,1.0629850901459823,104664.4273617212,-0.026136837437409716,-2.103790212792454,1.2549157473549477,7,23
GC=F,Donchian20_Dual,0.3799287558732296,0.010644643813216836,381,-0.09181929834787111,1.4552016111663555,131335.84886783297,0.13682254150465936,-2.7206066071489983,2.1690695573141734,11,23
GC=F,KAMA10_2_30,-0.12696962381613966,-0.0132537476968565,760,-0.4137805973675165,0.9027170868304261,70929.34640472823,-0.2428118206318748,-1.3335698799909204,1.1745770745479065,6,23
GC=F,TDSeqCounter,0.8325663589622262,0.08411640379920393,9,-0.2624676185569954,700114.4850586487,799824.6052481041,0.32966953983664443,-0.7433128476449804,2.0866406088444465,5,23
GC=F,TDCombo,0.010834285888151099,-0.1545533615803678,9,-1.1564540177923786,0.002555626850146493,1327.108337110138,-0.1001817389522557,-1.8072995114868449,1.2716702668186584,3,23
GC=F,TDSequentialBreakout,0.23202413962938045,0.016528164026430092,116,-0.2792997390829642,1.402516761339869,152504.3799649286,-0.06584678710550378,-1.745962954963859,0.6289580022952072,2,23
DX-Y.NYB,Donchian20,0.1879744533011302,0.009247883260262935,189,-0.28287134030121563,1.1773861392550715,133519.58997402614,0.09281297221511198,-2.030864599101722,1.870683579602488,9,29
DX-Y.NYB,Donchian20_ADX25,0.16357815534199494,0.0066381147273471,248,-0.1664319081145435,1.1463461381347975,123092.86276535977,0.11197961917263254,-1.6584002489945682,1.9922688259445918,13,29
DX-Y.NYB,Donchian20_ER03,0.21905398829750078,0.00625044307650513,382,-0.12979435617201684,1.1720619851515903,121612.88095069486,0.054576491668819414,-2.239014908747564,1.547228403598614,12,29
DX-Y.NYB,Donchian20_Dual,0.15500175113831355,0.0021568702374865634,438,-0.06490471553198716,1.1370869586256254,107000.09926277252,-0.001078108106431578,-1.617636114517084,1.6862623356347797,10,29
DX-Y.NYB,KAMA10_2_30,-0.018287032698817377,-0.002374851185356741,945,-0.26080378404429344,0.9784051074814551,92805.29398649823,0.04750093891015137,-1.5609192950778437,1.8535740928922448,10,29
DX-Y.NYB,TDSeqCounter,0.010759880288718819,-0.00045062871553980255,5,-0.3407610004284484,0.8955792582376965,98594.53519482,0.07308967090193876,-0.858343284583916,1.1910970130602079,2,29
DX-Y.NYB,TDCombo,0.05725731619140744,0.001476010065326827,5,-0.2201127612177654,1.5514007862855532,104740.65845337535,-0.0324842274789549,-1.0511704441822125,1.0017156507419513,1,29
DX-Y.NYB,TDSequentialBreakout,0.0,0.0,0,0.0,1.0,100000.0,0.0,0.0,0.0,0,29
EURUSD=X,Donchian20,0.01983170807823935,-0.000517112287726329,106,-0.22423334266431139,0.9890046068772096,98843.37984157073,0.03339024876632059,-2.1761036779116854,1.4273098496657919,8,20
EURUSD=X,Donchian20_ADX25,-0.1766890569118343,-0.008464221518074133,167,-0.19912406008043004,0.8036259356310962,82598.15690235473,-0.14763466348731052,-2.5774894636813963,1.3070395634934358,6,20
EURUSD=X,Donchian20_ER03,-0.28660942011306817,-0.008735524929937233,227,-0.2014580217518381,0.7292809734967713,82091.33176631821,-0.3424083240535096,-2.328996437328302,1.8609990372743226,6,20
EURUSD=X,Donchian20_Dual,-0.14082221433885486,-0.0018857762087054475,225,-0.07732922375089454,0.8724825096802445,95843.4674939689,-0.2799562284280665,-2.3348754995923886,1.3701858418587747,5,20
EURUSD=X,KAMA10_2_30,-0.24552751869030867,-0.015278796841683095,657,-0.31509022982191714,0.8220240587914469,70730.41716726146,-0.22082778618573656,-1.6833495574874775,1.763451765328768,5,20
EURUSD=X,TDSeqCounter,0.08694997974453408,0.0018273242358546327,1,-0.05483123423446618,4192.171753228813,104191.63440129142,0.028247042158544528,0.0,0.5649408431708905,1,20
EURUSD=X,TDCombo,-0.0561140577742274,-0.0017478017897379905,1,-0.10694431094888136,0.0,96141.89815202326,-0.021985371602644355,-0.4397074320528871,0.0,0,20
EURUSD=X,TDSequentialBreakout,-0.1354260269574356,-0.005397999262233721,66,-0.17457495257990138,0.7699962224427335,88538.06038250453,-0.014815206658854848,-0.296304133177097,0.0,0,20
GLD,Donchian20,0.21511089216069476,0.014280963630588506,141,-0.1922032840707844,1.2733495480786663,135692.78459832165,0.2024091551008139,-1.1249373058928647,1.5179589156049471,6,19
GLD,Donchian20_ADX25,0.14653043949010752,0.0072216871306201025,179,-0.1915085567079753,1.1800708595364664,116752.7291141124,0.019532468050026123,-1.933890818911522,1.8645574167911052,7,19
GLD,Donchian20_ER03,0.32664500449967143,0.013863071648299474,283,-0.12043155086127647,1.3944831690689854,134494.47212625036,0.2319611683282673,-1.0124569551364166,1.5964152244798402,8,19
GLD,Donchian20_Dual,0.21280780293927093,0.004804355995418952,327,-0.07387477739594124,1.2591831841361067,110867.54952625532,0.22130677053753287,-1.84530077788517,1.8086224847655485,9,19
GLD,KAMA10_2_30,0.28300782951457476,0.016950190740787408,579,-0.19653055764022315,1.2084826948790195,143590.4420545973,0.3930672075852069,-0.4879808778950428,1.8638327789273843,8,19
GLD,TDSeqCounter,0.7214272589519303,0.07476637199548142,7,-0.22590384626493495,372249.05025322665,472100.8797274786,0.24787684621784054,-0.2748746330260283,2.729053554085343,3,19
GLD,TDCombo,-0.17631691930765792,-0.13615439363366866,7,-0.9822307791218863,0.0034240449838896176,4283.401241289749,-0.11683000203509841,-2.4577527437394098,0.4937961780828694,1,19
GLD,TDSequentialBreakout,0.0,0.0,0,0.0,1.0,100000.0,0.0,0.0,0.0,0,19
IEF,Donchian20,0.23459589914973045,0.013700246587628584,148,-0.15674148411417427,1.2614045059394248,138301.25595029694,0.08121056765017581,-1.5941873082411615,1.9029401688874565,9,21
IEF,Donchian20_ADX25,0.10431739608487636,0.004340429989242445,204,-0.17167997539640859,1.1246156360005954,110872.39065647962,0.0643953703729544,-1.0403220514874048,1.4801728478764486,5,21
IEF,Donchian20_ER03,-0.25177846859207487,-0.010413219534847307,341,-0.26214222070622406,0.8435783357139708,77922.86825071108,-0.39630282586123483,-2.278238521105445,1.5357648305516205,5,21
IEF,Donchian20_Dual,-0.4839082140982106,-0.010344315033808504,380,-0.22797443314412183,0.7626736722801032,78052.26772831423,-0.49195585814180265,-2.363210146227981,1.1074590686348849,3,21
IEF,KAMA10_2_30,-0.00472821879703314,-0.002603446171847823,654,-0.2626837503136516,1.037541231677208,93976.85269549642,-0.22783582111892184,-1.7944802109528797,1.338062122709554,5,21
IEF,TDSeqCounter,0.17706079551066686,0.009619251245160498,7,-0.30974906564534077,2.209868170909292,125625.32830961065,0.11863582414169488,-1.1827006844045627,2.440885243421829,4,21
IEF,TDCombo,-0.0715913354169412,-0.01138889509589125,7,-0.6298716544587646,0.5237455164314399,76112.50858836871,-0.03006810016859735,-2.346602815446285,0.9776602968829563,4,21
IEF,TDSequentialBreakout,0.0,0.0,0,0.0,1.0,100000.0,0.0,0.0,0.0,0,21
